{"name":"0c66abb4-b50c-4654-b707-d7f2453b838e","id":"/providers/Microsoft.Flow/flows/0c66abb4-b50c-4654-b707-d7f2453b838e","type":"Microsoft.Flow/flows","properties":{"apiId":"/providers/Microsoft.PowerApps/apis/shared_logicflows","displayName":"WaterCoolerSchedule","definition":{"metadata":{"workflowEntityId":null,"creator":{"id":"12bd2561-12d5-465c-8a5d-430e7b76c718","type":"User","tenantId":"72f988bf-86f1-41af-91ab-2d7cd011db47"},"provisioningMethod":"FromDefinition","failureAlertSubscription":true,"clientLastModifiedTime":"2020-05-19T17:51:58.9018371Z"},"$schema":"https://schema.management.azure.com/providers/Microsoft.Logic/schemas/2016-06-01/workflowdefinition.json#","contentVersion":"1.0.0.0","parameters":{"$connections":{"defaultValue":{},"type":"Object"},"$authentication":{"defaultValue":{},"type":"SecureObject"}},"triggers":{"manual":{"type":"Request","kind":"PowerApp","inputs":{"schema":{"type":"object","properties":{"Sendanemail(V2)_To":{"type":"string","format":"email","description":"Specify email addresses separated by semicolons like someone@contoso.com","x-ms-powerflows-param-ispartial":false},"Sendanemail(V2)_Body":{"type":"string","format":"html","description":"Specify the body of the mail. This parameter is used as part of \"DBF1494F-4B6E-44A6-AA30-2DB380C91FA9\"","x-ms-powerflows-param-ispartial":true},"Sendanemail(V2)_Body_1":{"type":"string"},"Sendanemail(V2)_Body_2":{"type":"string"}},"required":["Sendanemail(V2)_To","Sendanemail(V2)_Body","Sendanemail(V2)_Body_1","Sendanemail(V2)_Body_2"]}}}},"actions":{"Send_an_email_(V2)":{"runAfter":{},"type":"OpenApiConnection","inputs":{"host":{"apiId":"/providers/Microsoft.PowerApps/apis/shared_office365","connectionName":"shared_office365","operationId":"SendEmailV2"},"parameters":{"emailMessage/To":"@triggerBody()['Sendanemail(V2)_To']","emailMessage/Subject":"Let's Meet at the Virtual Water Cooler!","emailMessage/Body":"<p>Hi @{triggerBody()['Sendanemail(V2)_Body']},<br>\nI thought you'd like to chat quick at the virtual water cooler!<br>\n<br>\nCortana, please find 15 meetings for us to meet between @{triggerBody()['Sendanemail(V2)_Body_1']} @{triggerBody()['Sendanemail(V2)_Body_2']} this week or next on Microsoft Teams.<br>\n<br>\nThanks!</p>","emailMessage/Cc":"cortana@calendar.help"},"authentication":{"value":"@json(decodeBase64(triggerOutputs().headers['X-MS-APIM-Tokens']))['$ConnectionKey']","type":"Raw"}}}},"outputs":{},"description":"Create one or more actions to happen when a button or link in PowerApps is selected. To use this flow from a PowerApp, select the control you want to trigger the flow and go to the Action tab in the PowerApps ribbon and select Flows."},"connectionReferences":{"shared_office365":{"connectionName":"2f77684c49de4d0b94fc6b386a299eb0","source":"Invoker","id":"/providers/Microsoft.PowerApps/apis/shared_office365","tier":"NotSpecified"}},"flowFailureAlertSubscribed":false}}